201,ADAMS V. R.,Adams,V. R.
202,BLACKMORE W. C.,Blackmore,W. C.
203,CANNON W. J.,Cannon,W. J.
204,CORKER A. V.,Corker,A. V.
205,DODDS F.,Dodds,F.
206,AIKEN E.,Aiken,E.
207,BLACKSTONE J. F.,Blackstone,J. F.
208,CANSDELL C. N.,Cansdell,C. N.
209,CORMACK O. R.,Cormack,O. R.
210,DOOREY M.,Doorey,M.
211,AIRD I. Mc.D.,Aird,I. Mc.D.
212,BLOWER W. E.,Blower,W. E.
213,CARMODY J.,Carmody,J.
214,CORNISH C. S.,Cornish,C. S.
215,DORAN A.,Doran,A.
216,AKERS F. W.,Akers,F. W.
217,BOLTON A. F.,Bolton,A. F.
218,CARNEY H. J.,Carney,H. J.
219,COSGROVE H. M.,Cosgrove,H. M.
220,DORAN B.,Doran,B.
221,ALCOCK H. F.,Alcock,H. F.
222,BONO D. J.,Bono,D. J.
223,CARR C.,Carr,C.
224,COTTAM F.,Cottam,F.
225,DORAN J. H.,Doran,J. H.
226,ALDERSON F. J.,Alderson,F. J.
227,BOONE L. J.,Boone,L. J.
228,CARROLL A. I.,Carroll,A. I.
229,COUSINS E. G.,Cousins,E. G.
230,DOULL D. F.,Doull,D. F.
231,ALDERSON J. D.,Alderson,J. D.
232,BOOT L. V.,Boot,L. V.
233,CARROLL S. H.,Carroll,S. H.
234,COWANO F. M.,Cowano,F. M.
235,DOYLE H. E. A.,Doyle,H. E. A.
236,ALLDRITT  N. D.,Alldritt,N. D.
237,BOURNE F. E.,Bourne,F. E.
238,CARROLL W. B.,Carroll,W. B.
239,CRABBE A. R.,Crabbe,A. R.
240,DOYLE J. V.,Doyle,J. V.
241,ALLDRITT R. G.,Alldritt,R. G.
242,BOURNE H. A.,Bourne,H. A.
243,CARRUTHERS B. M.,Carruthers,B. M.
244,CRANE A. S.,Crane,A. S.
245,DUCK N.,Duck,N.
246,ALLEN J. H.,Allen,J. H.
247,BOWERS W. H.,Bowers,W. H.
248,CARTER T. G.,Carter,T. G.
249,CRANE P. R.,Crane,P. R.
250,DUNLOP C. V.,Dunlop,C. V.
251,ALLEN J. W.,Allen,J. W.
252,BOWMAN J.,Bowman,J.
253,CARVER B. W. B.,Carver,B. W. B.
254,CRANE W. J.,Crane,W. J.
255,DUNN W. F.,Dunn,W. F.
256,ALLEN W. H.,Allen,W. H.
257,BOYDEN F. A. S.,Boyden,F. A. S.
258,CARVER D. B.,Carver,D. B.
259,CRAWCOUR R.,Crawcour,R.
260,DUNSTAN F. G.,Dunstan,F. G.
261,ALLERTON J. P.,Allerton,J. P.
262,BOYDEN N. L.,Boyden,N. L.
263,CARVER S. D.,Carver,S. D.
264,CREW E. J.,Crew,E. J.
265,DUVAL F. W.,Duval,F. W.
266,ALLPORT J. M.,Allport,J. M.
267,BOYDEN P. M.,Boyden,P. M.
268,CASHMORE J. R.,Cashmore,J. R.
269,CREW G. J.,Crew,G. J.
270,DWYER R. P.,Dwyer,R. P.
271,ALLPORT R. D.,Allport,R. D.
272,BOYDEN R. H.,Boyden,R. H.
273,CASPER R. M.,Casper,R. M.
274,CROSS B.,Cross,B.
275,EARNSHAW A. S. E.,Earnshaw,A. S. E.
276,ALLSOP W. J. A.,Allsop,W. J. A.
277,BRADRIDGE R. C.,Bradridge,R. C.
278,CASSON R. O.,Casson,R. O.
279,CROSS J.,Cross,J.
280,EAST C. J. W.,East,C. J. W.
281,ALLRICH F. N.,Allrich,F. N.
282,BRADY G. A. P.,Brady,G. A. P.
283,CASSON T. G.,Casson,T. G.
284,CROWE R. J.,Crowe,R. J.
285,EDWARDS R. L.,Edwards,R. L.
286,ANDREW A. J. F.,Andrew,A. J. F.
287,BRADY S. H.,Brady,S. H.
288,CAVANAGH H. W.,Cavanagh,H. W.
289,CULLEN E. A.,Cullen,E. A.
290,EIPPER G. J.,Eipper,G. J.
291,ARCHER E. R.,Archer,E. R.
292,BREARS N. F.,Brears,N. F.
293,CHAPLIN H. N.,Chaplin,H. N.
294,CULLEN H. C.,Cullen,H. C.
295,ELAND C. B.,Eland,C. B.
296,ARMITAGE C. H.,Armitage,C. H.
297,BRIGHT G. A.,Bright,G. A.
298,CHAPLIN M. L. (NSE),Chaplin,M. L. (NSE)
299,CULLEN W. G.,Cullen,W. G.
300,ELDRIDGE J. C.,Eldridge,J. C.
301,ARMSTRONG H. E.,Armstrong,H. E.
302,BROADBENT A. C. V.,Broadbent,A. C. V.
303,CHAPLIN M. S. (NSE),Chaplin,M. S. (NSE)
304,CULLEN W. H.,Cullen,W. H.
305,ELLIOT C.,Elliot,C.
306,ARNOTT F.,Arnott,F.
307,BROADBENT G. A.,Broadbent,G. A.
308,CHAPMAN N. F.,Chapman,N. F.
309,CUNNINGHAM C.,Cunningham,C.
310,ELLIOTT L. R. D.,Elliott,L. R. D.
311,ARTHUR B. M.,Arthur,B. M.
312,BROADBENT H. J.,Broadbent,H. J.
313,CHARET B. F.,Charet,B. F.
314,CUNNINGHAM T.,Cunningham,T.
315,ELLISON H. H. N.,Ellison,H. H. N.
316,ARTHUR G. D.,Arthur,G. D.
317,BRODIE R. L.,Brodie,R. L.
318,CHICK E.,Chick,E.
319,CURTIS R. K.,Curtis,R. K.
320,ELMINGTON T. S.,Elmington,T. S.
321,ASHDOWN C.,Ashdown,C.
322,BROOKS H. R.,Brooks,H. R.
323,CHIDZEY J.,Chidzey,J.
324,DALRYMPLE F. S.,Dalrymple,F. S.
325,EMMETT R. R.,Emmett,R. R.
326,ASHDOWN E. E.,Ashdown,E. E.
327,BROTHERS W. H.,Brothers,W. H.
328,CHRISTIE W. J.,Christie,W. J.
329,DALZIEL V. C.,Dalziel,V. C.
330,EPPS A. M.,Epps,A. M.
331,ASHDOWN M. (NSE),Ashdown,M. (NSE)
332,BROWN A. L.,Brown,A. L.
333,CHRYSTAL A. R.,Chrystal,A. R.
334,DARGIN H. J.,Dargin,H. J.
335,ERSKINE W.,Erskine,W.
336,ASIOLI L.,Asioli,L.
337,BROWN J. W.,Brown,J. W.
338,CHRYSTAL L. O.,Chrystal,L. O.
339,DARGIN R. A.,Dargin,R. A.
340,ETHERINGTON R. A.,Etherington,R. A.
341,ATHERTON J. J.,Atherton,J. J.
342,BROWN O. B.,Brown,O. B.
343,CICHERO D. A.,Cichero,D. A.
344,DAUNT G. F.,Daunt,G. F.
345,ETHERINGTON W. E.,Etherington,W. E.
346,AUDSLEY N. W.,Audsley,N. W.
347,BROWN R. H.,Brown,R. H.
348,CLARE C. A.,Clare,C. A.
349,DAVIDSON C. F. J.,Davidson,C. F. J.
350,EVANS A. L.,Evans,A. L.
351,AUSTIN A. H.,Austin,A. H.
352,BROWNE A. E.,Browne,A. E.
353,CLARK E. D.,Clark,E. D.
354,DAVIDSON R.,Davidson,R.
355,EVANS A. P.,Evans,A. P.
356,AVERILL C. E.,Averill,C. E.
357,BROWNE G. P.,Browne,G. P.
358,CLARK H.,Clark,H.
359,DAVIS C. V.,Davis,C. V.
360,EVANS G. W. J.,Evans,G. W. J.
361,AXTENS J. W.,Axtens,J. W.
362,BROWNLOW H. E.,Brownlow,H. E.
363,CLARK J. W.,Clark,J. W.
364,DAVIS F. L.,Davis,F. L.
365,EVANS P. A.,Evans,P. A.
366,AXTENS N. R.,Axtens,N. R.
367,BRUCE R. C.,Bruce,R. C.
368,CLARK W. J.,Clark,W. J.
369,DAVIS G. R.,Davis,G. R.
370,EWART C. B.,Ewart,C. B.
371,AYERS D. S.,Ayers,D. S.
372,BUCKLE A. R.,Buckle,A. R.
373,CLARKE A. L.,Clarke,A. L.
374,DAVIS S. F.,Davis,S. F.
375,EWART J. W. C.,Ewart,J. W. C.
376,BALDWIN J.,Baldwin,J.
377,BUCKMAN A.,Buckman,A.
378,CLARKE J. J.,Clarke,J. J.
379,DAVIS T. G.,Davis,T. G.
380,FAWCETT L. D.,Fawcett,L. D.
381,BALL W. S.,Ball,W. S.
382,BULL E. A.,Bull,E. A.
383,CLARKE N.,Clarke,N.
384,DAVIS T. S. R.,Davis,T. S. R.
385,FAYLE D. H.,Fayle,D. H.
386,BALZEN L. E.,Balzen,L. E.
387,BULL N. H.,Bull,N. H.
388,CLARKE W. M.,Clarke,W. M.
389,DAVISON H.,Davison,H.
390,FARQUHAR A. G. C. (NSE),Farquhar,A. G. C. (NSE)
391,BARBER C.,Barber,C.
392,BULLOUGH K. J.,Bullough,K. J.
393,CLELAND V. A.,Cleland,V. A.
394,DAWSON L. E.,Dawson,L. E.
395,FARQUHAR F. J.,Farquhar,F. J.
396,BARKER D. G.,Barker,D. G.
397,BURKITT H. W.,Burkitt,H. W.
398,CLELAND S. C.,Cleland,S. C.
399,DECENT L. S.,Decent,L. S.
400,FARQUHAR J. R.,Farquhar,J. R.
401,BARNES A. E.,Barnes,A. E.
402,BURNS A. G. Mc L.,Burns,A. G. Mc L.
403,CLEVERLY A. R.,Cleverly,A. R.
404,DEDDEN H.,Dedden,H.
405,FARQUHAR N. R. C.,Farquhar,N. R. C.
406,BARRY A. DS.,Barry,A. DS.
407,BURMAN S. J.,Burman,S. J.
408,CLIFFORD J.,Clifford,J.
409,DEGOTARDI F. D.,Degotardi,F. D.
410,FELLOWES H. J.,Fellowes,H. J.
411,BARRY L. N.,Barry,L. N.
412,BURROWS S. D.,Burrows,S. D.
413,CLOUGH H. L.,Clough,H. L.
414,DENDY C.,Dendy,C.
415,FELSTEAD W. H.,Felstead,W. H.
416,BARTHOLOMEW A. H.,Bartholomew,A. H.
417,BURT J. H.,Burt,J. H.
418,COCKBURN C. K. (NSE),Cockburn,C. K. (NSE)
419,DENNESS E.,Denness,E.
420,FERGUSON A. D.,Ferguson,A. D.
421,BARTLETT D. J.,Bartlett,D. J.
422,BUTTLE A.,Buttle,A.
423,COHEN D.,Cohen,D.
424,DENT A. H.,Dent,A. H.
425,FERGUSON C. H.,Ferguson,C. H.
426,BASS M. M. C. (NSE),Bass,M. M. C. (NSE)
427,BUTTON T. A.,Button,T. A.
428,COLE L. G.,Cole,L. G.
429,DENT A. W.,Dent,A. W.
430,FERGUSON G. A.,Ferguson,G. A.
431,BASS S. F.,Bass,S. F.
432,BYRNE G. R.,Byrne,G. R.
433,COLEMAN R. E.,Coleman,R. E.
434,DESBOIS D. R.,Desbois,D. R.
435,FERGUSON J. W.,Ferguson,J. W.
436,BATTEN C. V.,Batten,C. V.
437,BYRNE L.,Byrne,L.
438,COLEY C. L. J.,Coley,C. L. J.
439,DESBOROUGH G. J.,Desborough,G. J.
440,FERGUSON W. A.,Ferguson,W. A.
441,BAYLEY R.,Bayley,R.
442,CAINS A. W.,Cains,A. W.
443,COLLIN S. A.,Collin,S. A.
444,DESBOROUGH STM. W.,Desborough,STM. W.
445,FERNANDEZ E. C.,Fernandez,E. C.
446,BECKETT L. A. V.,Beckett,L. A. V.
447,CALDWELL A. E.,Caldwell,A. E.
448,COLLINS J. W.,Collins,J. W.
449,DEWAR G. S. C.,Dewar,G. S. C.
450,FERRIS C. E.,Ferris,C. E.
451,BECKHAUS T.,Beckhaus,T.
452,CALLAGHAN P.,Callaghan,P.
453,COOK A. G.,Cook,A. G.
454,DEWHURST S.,Dewhurst,S.
455,FILBY S. F.,Filby,S. F.
456,BEESON A. W.,Beeson,A. W.
457,CALLER F. C.,Caller,F. C.
458,COOK B. G.,Cook,B. G.
459,DEWHURST V.,Dewhurst,V.
460,FINCHAM W. R.,Fincham,W. R.
461,BEGG A.,Begg,A.
462,CALLER J. A.,Caller,J. A.
463,COOK B. R.,Cook,B. R.
464,DIBBS E. R.,Dibbs,E. R.
465,FIREMAN C. W.,Fireman,C. W.
466,BELL S. H.,Bell,S. H.
467,CALLINGHAM G.,Callingham,G.
468,COOK F. W.,Cook,F. W.
469,DIBBS V. L.,Dibbs,V. L.
470,FITZGERALD R. M. (NSE),Fitzgerald,R. M. (NSE)
471,BENNETT L. C.,Bennett,L. C.
472,CAMBACE A. S.,Cambace,A. S.
473,COOK N. H.,Cook,N. H.
474,DIND S. S.,Dind,S. S.
475,FLEMING L. D. (NSE),Fleming,L. D. (NSE)
476,BENNETTS A. V.,Bennetts,A. V.
477,CAMERON A. R.,Cameron,A. R.
478,COOKE G. H.,Cooke,G. H.
479,DINGLE F. C.,Dingle,F. C.
480,FLETCHER J.,Fletcher,J.
481,BERRY G. H. M.,Berry,G. H. M.
482,CAMERON G. G.,Cameron,G. G.
483,COOKE F. R.,Cooke,F. R.
484,DINGLE S. E.,Dingle,S. E.
485,FLETCHER H. B.,Fletcher,H. B.
486,BEST R. W.,Best,R. W.
487,CAMERON H. K.,Cameron,H. K.
488,COOKE R. C.,Cooke,R. C.
489,DINNING L. L.,Dinning,L. L.
490,FLETCHER M. B. (NSE),Fletcher,M. B. (NSE)
491,BETTS S. F.,Betts,S. F.
492,CAMERON T. D.,Cameron,T. D.
493,COONEY F.,Cooney,F.
494,DOAK A. F. W.,Doak,A. F. W.
495,FLYNN F. C.,Flynn,F. C.
496,BINDON R. C.,Bindon,R. C.
497,CAMPBELL D.,Campbell,D.
498,COOPER A. L.,Cooper,A. L.
499,DOAK F. W.,Doak,F. W.
500,FLYNN J. P.,Flynn,J. P.
501,BLACKLOW A. C.,Blacklow,A. C.
502,CAMPBELL G. Mc. I.,Campbell,G. Mc. I.
503,COOPER B. H.,Cooper,B. H.
504,DOAK J. S. B.,Doak,J. S. B.
505,FLYNN J. S. P.,Flynn,J. S. P.
506,BLACKLOW J.,Blacklow,J.
507,CAMBELL G.,Cambell,G.
508,COOPER C. J.,Cooper,C. J.
509,DOBIE J.,Dobie,J.
510,FORD A. R.,Ford,A. R.
511,BLACKMORE E. F.,Blackmore,E. F.
512,CAMPLIN C. J.,Camplin,C. J.
513,COOPER N. H.,Cooper,N. H.
514,DOBINSON A. W. R.,Dobinson,A. W. R.
515,FORD C. W.,Ford,C. W.
516,FORD E. H. J.,Ford,E. H. J.
517,HARRIS W. D.,Harris,W. D.
518,HUTCHINSON E. L.,Hutchinson,E. L.
519,KNEEBONE E. J.,Kneebone,E. J.
520,Mc.NABB A. S.,Mc.Nabb,A. S.
521,FORD R. P.,Ford,R. P.
522,HARRISON F.,Harrison,F.
523,HUTCHINSON T. A.,Hutchinson,T. A.
524,KNOTT A.,Knott,A.
525,MADDEN L. B.,Madden,L. B.
526,FORTH C. F. O.,Forth,C. F. O.
527,HARRISON C. L. W.,Harrison,C. L. W.
528,INGHAM A. E.,Ingham,A. E.
529,LANE E. F.,Lane,E. F.
530,MADGWICK J. W.,Madgwick,J. W.
531,FOWLER W. C.,Fowler,W. C.
532,HARRISON J. L.,Harrison,J. L.
533,INGHHAM R. F.,Inghham,R. F.
534,LANE E. R.,Lane,E. R.
535,MAKEIG J. H.,Makeig,J. H.
536,FOX A. G.,Fox,A. G.
537,HARRISON L. R.,Harrison,L. R.
538,IRELAND C. P. H.,Ireland,C. P. H.
539,LANE H. W.,Lane,H. W.
540,MALLEY G. F.,Malley,G. F.
541,FOX H. F.,Fox,H. F.
542,HARRISON W. J.,Harrison,W. J.
543,IRVINE F. L.,Irvine,F. L.
544,LANG A.,Lang,A.
545,MALLEY R. N.,Malley,R. N.
546,FOX N. R.,Fox,N. R.
547,HART F. H.,Hart,F. H.
548,JACKSON C. O. B.,Jackson,C. O. B.
549,LANG M. S.,Lang,M. S.
550,MANSFIELD C.,Mansfield,C.
551,FRANCIS W. G.,Francis,W. G.
552,HARVEY S. W. M.,Harvey,S. W. M.
553,JACOB H. T.,Jacob,H. T.
554,LANGFORD N. H.,Langford,N. H.
555,MARCHANT N. B.,Marchant,N. B.
556,FRANKS C. K.,Franks,C. K.
557,HAY N. M.,Hay,N. M.
558,JACOB N. F.,Jacob,N. F.
559,LEAVER T.,Leaver,T.
560,MARSDEN W. J.,Marsden,W. J.
561,FRASER E. L.,Fraser,E. L.
562,HAYES F. N.,Hayes,F. N.
563,JACOB L. H.,Jacob,L. H.
564,LEECH L. V.,Leech,L. V.
565,MARLOW R. E.,Marlow,R. E.
566,FRAZER P.,Frazer,P.
567,HAYNE S.,Hayne,S.
568,JAMES A. W.,James,A. W.
569,LEESON W. M.,Leeson,W. M.
570,MARSHALL W. H.,Marshall,W. H.
571,FREEMAN G. K.,Freeman,G. K.
572,HAYMET F. I.,Haymet,F. I.
573,JARMAN J. R.,Jarman,J. R.
574,LEVY C. J.,Levy,C. J.
575,MARTIN J. W.,Martin,J. W.
576,FREEMAN H.,Freeman,H.
577,HAYMET R. E.,Haymet,R. E.
578,JARMAN W.,Jarman,W.
579,LEVY C. I.,Levy,C. I.
580,MASON H. E.,Mason,H. E.
581,FRENCH H. P.,French,H. P.
582,HEAPHEY G. A.,Heaphey,G. A.
583,JARVIS C. R.,Jarvis,C. R.
584,LEWIS W. D.,Lewis,W. D.
585,MASSEY N.,Massey,N.
586,FRY R. A.,Fry,R. A.
587,HEARD W. L.,Heard,W. L.
588,JARVIS N. H.,Jarvis,N. H.
589,LINDSAY C. H.,Lindsay,C. H.
590,MASTERS H. B.,Masters,H. B.
591,FULLER C. R.,Fuller,C. R.
592,HEAYDON W. E.,Heaydon,W. E.
593,JEFFRIES H. J.,Jeffries,H. J.
594,LINDSAY R.,Lindsay,R.
595,MATHERS T. W.,Mathers,T. W.
596,GALLOP E. R. C.,Gallop,E. R. C.
597,HEDGER S. W.,Hedger,S. W.
598,JENNINGS C. R. E.,Jennings,C. R. E.
599,LINDSAY T. F.,Lindsay,T. F.
600,MATHERS W. H.,Mathers,W. H.
601,GARD J. C. S.,Gard,J. C. S.
602,HEMPTON L. J.,Hempton,L. J.
603,JOEL J.,Joel,J.
604,LINDSELL C. F.,Lindsell,C. F.
605,MAYNARD C. R.,Maynard,C. R.
606,GARD K. R.,Gard,K. R.
607,HENDERSON D. C.,Henderson,D. C.
608,JOHNSON A. A.,Johnson,A. A.
609,LIPPETT J. R.,Lippett,J. R.
610,MEILLON T. B.,Meillon,T. B.
611,GARNSEY F.,Garnsey,F.
612,HENDERSON F. R.,Henderson,F. R.
613,JOHNSON J. W.,Johnson,J. W.
614,LIPSCOMB V. B.,Lipscomb,V. B.
615,MERRETT E. W.,Merrett,E. W.
616,GATES A. E.,Gates,A. E.
617,HENDERSON R. G.,Henderson,R. G.
618,JOHNSON K. O. E.,Johnson,K. O. E.
619,LIPSCOMB V. M.,Lipscomb,V. M.
620,MERRETT F. S. E.,Merrett,F. S. E.
621,GELDING E. C.,Gelding,E. C.
622,HENDERSON W. F.,Henderson,W. F.
623,JOHNSON S.,Johnson,S.
624,LITTLER J.,Littler,J.
625,MIDDENWAY G. H.,Middenway,G. H.
626,GELL C. F. K.,Gell,C. F. K.
627,HERBERT D. P.,Herbert,D. P.
628,JOHNSTON C. D.,Johnston,C. D.
629,LIVINGSTON J. S.,Livingston,J. S.
630,MIDDLECOAT R. T.,Middlecoat,R. T.
631,GENET H. A.,Genet,H. A.
632,HERBERT J. E.,Herbert,J. E.
633,JOHNSTON E. S.,Johnston,E. S.
634,LODER F. K.,Loder,F. K.
635,MILLER H.,Miller,H.
636,GERRETT H. B.,Gerrett,H. B.
637,HIGGINS J. S.,Higgins,J. S.
638,JOHNSTON E. S.,Johnston,E. S.
639,LOUCHRY J. V.,Louchry,J. V.
640,MILLER R. B.,Miller,R. B.
641,GIDDEY J. C. A.,Giddey,J. C. A.
642,HILDER L. H.,Hilder,L. H.
643,JONES C. H.,Jones,C. H.
644,LUTTRELL D.,Luttrell,D.
645,MINICH R. A.,Minich,R. A.
646,GIDDEY W. J.,Giddey,W. J.
647,HILL A. H.,Hill,A. H.
648,JONES F. J.,Jones,F. J.
649,MACALPINE R. A.,Macalpine,R. A.
650,MITCHELL H. A.,Mitchell,H. A.
651,GILDEA W. G.,Gildea,W. G.
652,HILL C. C.,Hill,C. C.
653,JONES H. W.,Jones,H. W.
654,MACDONALD D. P.,Macdonald,D. P.
655,MITCHELL L. I.,Mitchell,L. I.
656,GILLIES K.,Gillies,K.
657,HILL G. A.,Hill,G. A.
658,.JONES L.,.Jones,L.
659,MACFARLANE C. P.,Macfarlane,C. P.
660,MITCHELL R. H.,Mitchell,R. H.
661,GILLMORE H. A.,Gillmore,H. A.
662,HILL R. G. W.,Hill,R. G. W.
663,JONES S. H. J.,Jones,S. H. J.
664,MACK R. P.,Mack,R. P.
665,MITCHELLHILL D. S.,Mitchellhill,D. S.
666,GILLMORE S.,Gillmore,S.
667,HILL T. J.,Hill,T. J.
668,JONES W. B.,Jones,W. B.
669,MACKENZIE G. STC.,Mackenzie,G. STC.
670,MOORS M. C.,Moors,M. C.
671,GODBOLD H,Godbold,H
672,HILLS E. B.,Hills,E. B.
673,JONES W. H. Y.,Jones,W. H. Y.
674,MACKENZIE W. K. S.,Mackenzie,W. K. S.
675,MOORS W. S.,Moors,W. S.
676,GOODMAN T. V.,Goodman,T. V.
677,HINDER R. B.,Hinder,R. B.
678,KAINES J. A. P.,Kaines,J. A. P.
679,MACKEY J. G.,Mackey,J. G.
680,MORAN J. V.,Moran,J. V.
681,GOODWIN F. M.,Goodwin,F. M.
682,HINE H. W.,Hine,H. W.
683,KAY W. E.,Kay,W. E.
684,MACKNIGHT L. K.,Macknight,L. K.
685,MORRIS A. C.,Morris,A. C.
686,GORDON G.,Gordon,G.
687,HOARE F. C.,Hoare,F. C.
688,KAYE A.,Kaye,A.
689,MACLAURIN H. A. H.,Maclaurin,H. A. H.
690,MORRIS D. P.,Morris,D. P.
691,GOULDING S. D.,Goulding,S. D.
692,HOGAN F. A.,Hogan,F. A.
693,KEATING W. J.,Keating,W. J.
694,MACMAHON E. D. C.,Macmahon,E. D. C.
695,MORRIS F.,Morris,F.
696,GOYDER C. D.,Goyder,C. D.
697,HOGAN R. J.,Hogan,R. J.
698,KEECH A. B.,Keech,A. B.
699,MACMAHON M. J. W.,Macmahon,M. J. W.
700,MORRIS K. A.,Morris,K. A.
701,GRAHAM A.,Graham,A.
702,HOGUE F. A.,Hogue,F. A.
703,KEEN A. E.,Keen,A. E.
704,MACPHERSON J. D.,Macpherson,J. D.
705,MORRIS K. L.,Morris,K. L.
706,GRAHAM F. A.,Graham,F. A.
707,HOGUE S. J.,Hogue,S. J.
708,KEELING H. F. V.,Keeling,H. F. V.
709,Mc.CLEAN F. S.,Mc.Clean,F. S.
710,MORROW L. R.,Morrow,L. R.
711,GRANT A. F.,Grant,A. F.
712,HOLLEBON E.,Hollebon,E.
713,KELMAN G.,Kelman,G.
714,Mc.CLEAN J.,Mc.Clean,J.
715,MORROW S. L.,Morrow,S. L.
716,GRASSICK F.,Grassick,F.
717,HOLLEY W.,Holley,W.
718,KEMP H. Mc. L.,Kemp,H. Mc. L.
719,Mc.COOK L. R.,Mc.Cook,L. R.
720,MOSS E.,Moss,E.
721,GREEN C.,Green,C.
722,HOLLIS R. D.,Hollis,R. D.
723,KENDALL A. W. J.,Kendall,A. W. J.
724,Mc.CRORY J. F.,Mc.Crory,J. F.
725,MOULD W. H.,Mould,W. H.
726,GREIG W. V.,Greig,W. V.
727,HOLMES A. J.,Holmes,A. J.
728,KENDALL E. C.,Kendall,E. C.
729,Mc.CRORY W. H.,Mc.Crory,W. H.
730,MULCANNON J. J.,Mulcannon,J. J.
731,GRIEVE F. W.,Grieve,F. W.
732,HOOKER J. E. H.,Hooker,J. E. H.
733,KENNEDY A.,Kennedy,A.
734,Mc.CULLOCH A. H.,Mc.Culloch,A. H.
735,MUNN V.,Munn,V.
736,GRIEVE G. M.,Grieve,G. M.
737,HOOKER P. J.,Hooker,P. J.
738,KENNEDY P.,Kennedy,P.
739,Mc.CULLOCH E. H.,Mc.Culloch,E. H.
740,MURRAY E. J.,Murray,E. J.
741,GRIFFITHS F. G.,Griffiths,F. G.
742,HOOTON F. C.,Hooton,F. C.
743,KENT H. R.,Kent,H. R.
744,Mc.FADDEN G. G.,Mc.Fadden,G. G.
745,MURRAY H. F.,Murray,H. F.
746,HALE L. C. D.,Hale,L. C. D.
747,HOPE G.,Hope,G.
748,KEOGH A. P.,Keogh,A. P.
749,Mc.FADDEN R. A.,Mc.Fadden,R. A.
750,MURRAY P.,Murray,P.
751,HALES C. M. B.,Hales,C. M. B.
752,HOPE J. P.,Hope,J. P.
753,KEOGH R. F.,Keogh,R. F.
754,Mc.FADDEN W. A.,Mc.Fadden,W. A.
755,MURRAY P. V.,Murray,P. V.
756,HALL A. T.,Hall,A. T.
757,HOPE R. M.,Hope,R. M.
758,KERNAGHAN J.,Kernaghan,J.
759,Mc.GIBBON O. P.,Mc.Gibbon,O. P.
760,MUSMAN E. B.,Musman,E. B.
761,HALL O.,Hall,O.
762,HORNE K.,Horne,K.
763,KERR A. E.,Kerr,A. E.
764,Mc.GOVERN J.,Mc.Govern,J.
765,NALDER L. A.,Nalder,L. A.
766,HALL T. E.,Hall,T. E.
767,HORSMAN G.,Horsman,G.
768,KERR I. W.,Kerr,I. W.
769,Mc.GRATH F.,Mc.Grath,F.
770,NASMYTH C. S.,Nasmyth,C. S.
771,HAM W. J.,Ham,W. J.
772,HORSNELL F. J.,Horsnell,F. J.
773,KERR W. H.,Kerr,W. H.
774,Mc.GRATH J. A.,Mc.Grath,J. A.
775,NASMYTH R.,Nasmyth,R.
776,HAMILTON C. M.,Hamilton,C. M.
777,HOUGH G.,Hough,G.
778,KIDSTON R. H.,Kidston,R. H.
779,Mc.GREGOR W. F.,Mc.Gregor,W. F.
780,NEILL G. L.,Neill,G. L.
781,HAMILTON G. G.,Hamilton,G. G.
782,HOY E. S.,Hoy,E. S.
783,KIDSTON T. A.,Kidston,T. A.
784,Mc.ILROY A. J.,Mc.Ilroy,A. J.
785,NEWLING A. W.,Newling,A. W.
786,HAMILTON J. K. W.,Hamilton,J. K. W.
787,HUGHES R.,Hughes,R.
788,KING A. R.,King,A. R.
789,Mc.KERN A. C.,Mc.Kern,A. C.
790,NEWLING C. E.,Newling,C. E.
791,HANCOX H. E.,Hancox,H. E.
792,HUGHES W. J.,Hughes,W. J.
793,KING B. D.,King,B. D.
794,Mc.KERN J. G.,Mc.Kern,J. G.
795,NEWMAN H. A.,Newman,H. A.
796,HANRAHAN W.,Hanrahan,W.
797,HUMPHRIES F. G.,Humphries,F. G.
798,KING C. V.,King,C. V.
799,Mc.LACHLAN B. H.,Mc.Lachlan,B. H.
800,NEWTH F. W.,Newth,F. W.
801,HANSLOW B. B. C. B.,Hanslow,B. B. C. B.
802,HUMPHRIES S.,Humphries,S.
803,KING G.,King,G.
804,Mc.LACHLAN C. D.,Mc.Lachlan,C. D.
805,NICOLLE C. W.,Nicolle,C. W.
806,HARBUTT P. H.,Harbutt,P. H.
807,HUNT C. S.,Hunt,C. S.
808,KING G. C.,King,G. C.
809,Mc.LACHLAN D. B.,Mc.Lachlan,D. B.
810,NICOLLE N. W.,Nicolle,N. W.
811,HARDING C.,Harding,C.
812,HUNT J. W.,Hunt,J. W.
813,KING P. C.,King,P. C.
814,McLENNAN H. W.,Mclennan,H. W.
815,NOAKES E. J. D.,Noakes,E. J. D.
816,HARGREAVES J.,Hargreaves,J.
817,HUNTINGDON C. T. P.,Huntingdon,C. T. P.
818,KINGSTON C. S.,Kingston,C. S.
819,Mc.LEOD D. D.,Mc.Leod,D. D.
820,NOONE E. M.,Noone,E. M.
821,HARPER H.,Harper,H.
822,HUSBAND R. J.,Husband,R. J.
823,KIRKBY A.,Kirkby,A.
824,McLEOD F. H.,Mcleod,F. H.
825,NOONE J. M.,Noone,J. M.
826,HARRIS C. H.,Harris,C. H.
827,HUTCHINSON C. W.,Hutchinson,C. W.
828,KITCHEN J. A.,Kitchen,J. A.
829,Mc.MICHAEL H. J.,Mc.Michael,H. J.
830,NOONE J. M.,Noone,J. M.
831,NOKE J. S.,Noke,J. S.
832,RAE L. B.,Rae,L. B.
833,SHELLEY W. M.,Shelley,W. M.
834,SWEET J. A.,Sweet,J. A.
835,WARD H. W.,Ward,H. W.
836,NORMAN T. B.,Norman,T. B.
837,RAE R. K.,Rae,R. K.
838,SHEPHERD C. A.,Shepherd,C. A.
839,SWEETLAND B. D.,Sweetland,B. D.
840,WARDEN A. H.,Warden,A. H.
841,NOTT A.,Nott,A.
842,READ J.,Read,J.
843,SHERIDAN D. B. G.,Sheridan,D. B. G.
844,SYMINGTON J. E.,Symington,J. E.
845,WARDEN C. M.,Warden,C. M.
846,NUGENT B. L.,Nugent,B. L.
847,READ T. H. M.,Read,T. H. M.
848,SHERRING H. W.,Sherring,H. W.
849,TANZER H. A.,Tanzer,H. A.
850,WARNER J. F.,Warner,J. F.
851,NUGENT W. G.,Nugent,W. G.
852,REAY W. G.,Reay,W. G.
853,SHERRING L. W.,Sherring,L. W.
854,TANZER L. H.,Tanzer,L. H.
855,WARRE G. G.,Warre,G. G.
856,OATLEY A.,Oatley,A.
857,REED R. B.,Reed,R. B.
858,SHORROCK W.,Shorrock,W.
859,TEDDER H. G.,Tedder,H. G.
860,WARRE J. W.,Warre,J. W.
861,OATLEY G.,Oatley,G.
862,REMMINGTON H. W.,Remmington,H. W.
863,SIMPSON H.,Simpson,H.
864,TERRY G.,Terry,G.
865,WARREN G. R.,Warren,G. R.
866,O'BRIEN W. C. J.,O'Brien,W. C. J.
867,RENNIE E. H. (NSE),Rennie,E. H. (NSE)
868,SKILTON G.,Skilton,G.
869,THOMAS C.,Thomas,C.
870,WATERHOUSE A.,Waterhouse,A.
871,O'CONNOR H.,O'Connor,H.
872,RICH G. R. L.,Rich,G. R. L.
873,SKINNER W. J.,Skinner,W. J.
874,THOMAS F. J. R.,Thomas,F. J. R.
875,WATSON J. J. E.,Watson,J. J. E.
876,OLDFIELD J. A.,Oldfield,J. A.
877,RICHARDS E.,Richards,E.
878,SKIPPER A. J.,Skipper,A. J.
879,THOMPSON J. A. L.,Thompson,J. A. L.
880,WEATHERLAKE L. G.,Weatherlake,L. G.
881,OLIVER J.,Oliver,J.
882,RICHARDS H. A.,Richards,H. A.
883,SLATTER H. C.,Slatter,H. C.
884,THOMPSON J. G.,Thompson,J. G.
885,WEBB C. M.,Webb,C. M.
886,O'NEILL F. W.,O'Neill,F. W.
887,RICKWOOD H.,Rickwood,H.
888,SLEEMAN J. E.,Sleeman,J. E.
889,THOMPSON L. P.,Thompson,L. P.
890,WEBB H. W.,Webb,H. W.
891,O'NEILL M.,O'Neill,M.
892,ROBERTS C. G.,Roberts,C. G.
893,SLEEMAN T. O.,Sleeman,T. O.
894,THORNTON G. S.,Thornton,G. S.
895,WEINCOTT A.,Weincott,A.
896,OSBORNE M.,Osborne,M.
897,ROBERTS E. W.,Roberts,E. W.
898,SMALL F. G. R.,Small,F. G. R.
899,THORNTON N. F.,Thornton,N. F.
900,WELCH H.,Welch,H.
901,O'SHEA A. H.,O'Shea,A. H.
902,ROBERTS H.,Roberts,H.
903,SMALL S. W.,Small,S. W.
904,THORPE G. K.,Thorpe,G. K.
905,WELCH R. C.,Welch,R. C.
906,PACKER N. E.,Packer,N. E.
907,ROBERTS T. V.,Roberts,T. V.
908,SMALL W. K.,Small,W. K.
909,TIBBEY G. B.,Tibbey,G. B.
910,WELLS R. H. S.,Wells,R. H. S.
911,PAGE F. E.,Page,F. E.
912,ROBERTSON F. D.,Robertson,F. D.
913,SMITH A. M.,Smith,A. M.
914,TILBURN C. R. W.,Tilburn,C. R. W.
915,WELLS T. A.,Wells,T. A.
916,PAGE S. G.,Page,S. G.
917,ROBEY R. K.,Robey,R. K.
918,SMITH C. S.,Smith,C. S.
919,TINDALE A. R.,Tindale,A. R.
920,WENDEN N.,Wenden,N.
921,PAIN H. C.,Pain,H. C.
922,"ROBIN H. DE. 
    Q.",Robin,"H. DE. 
    Q."
923,SMITH H. C.,Smith,H. C.
924,TINDALE F.A.,Tindale,F.A.
925,WETTON R. H.,Wetton,R. H.
926,PALMER J. C.,Palmer,J. C.
927,"ROBIN H. S. DE. 
    Q",Robin,"H. S. DE. 
    Q"
928,SMITH H. G.,Smith,H. G.
929,TINDALE H. E.,Tindale,H. E.
930,WEYMARK G. S.,Weymark,G. S.
931,PARLE F. O.,Parle,F. O.
932,"ROBIN R. R. DE. 
    Q",Robin,"R. R. DE. 
    Q"
933,SMITH J. O.,Smith,J. O.
934,TINGCOMBE W. N.,Tingcombe,W. N.
935,WHETTON W. F.,Whetton,W. F.
936,PARLE H. W.,Parle,H. W.
937,ROBSON T. R.,Robson,T. R.
938,SMITH L. G. (NSE),Smith,L. G. (NSE)
939,TIPPER E. J.,Tipper,E. J.
940,WHITE B. G.,White,B. G.
941,PARLE S. C.,Parle,S. C.
942,ROGER G. A.,Roger,G. A.
943,SMITH R. E.,Smith,R. E.
944,TITCHEN H.,Titchen,H.
945,WHITE J. N.,White,J. N.
946,PARNELL G. H.,Parnell,G. H.
947,ROGER K. A.,Roger,K. A.
948,SMITH R. F.,Smith,R. F.
949,TONKING R. L.,Tonking,R. L.
950,WHITEHEAD D. A.,Whitehead,D. A.
951,PARRY G. B.,Parry,G. B.
952,ROGERSON A. G.,Rogerson,A. G.
953,SMITH S.,Smith,S.
954,TOOSE K. M.,Toose,K. M.
955,WHITEHEAD L. V.,Whitehead,L. V.
956,PATON A. R. W. (NSE),Paton,A. R. W. (NSE)
957,ROLLESTON P. L.,Rolleston,P. L.
958,SMITH S. J.,Smith,S. J.
959,TOOSE L. A.,Toose,L. A.
960,WHYMARK H. E.,Whymark,H. E.
961,PAUL A. G.,Paul,A. G.
962,ROLLS F. G.,Rolls,F. G.
963,SMITH T. A.,Smith,T. A.
964,TOWNSEND F.,Townsend,F.
965,WILEY B. D.,Wiley,B. D.
966,PAUL H. L.,Paul,H. L.
967,ROSS A. A.,Ross,A. A.
968,SMYTH F. T.,Smyth,F. T.
969,TOWNSEND N.,Townsend,N.
970,WILKINSON A. E.,Wilkinson,A. E.
971,PAUL J.,Paul,J.
972,ROSS D.,Ross,D.
973,SNELL F. J.,Snell,F. J.
974,TRAVERS G.,Travers,G.
975,WILKINSON H. A.,Wilkinson,H. A.
976,PAVEY S.,Pavey,S.
977,ROSS R. M.,Ross,R. M.
978,SNELL G.,Snell,G.
979,TRAVERS R. J. A.,Travers,R. J. A.
980,WILLIAMS J.,Williams,J.
981,PAXTON W. M.,Paxton,W. M.
982,ROUNDING V. B. J.,Rounding,V. B. J.
983,SNELL H.,Snell,H.
984,TRELOAR A. H.,Treloar,A. H.
985,WILLIS E. R.,Willis,E. R.
986,PENKETH C. V.,Penketh,C. V.
987,ROWLAND W. J.,Rowland,W. J.
988,SNOW E. F.,Snow,E. F.
989,TRELOAR W.,Treloar,W.
990,WILLIS L. C.,Willis,L. C.
991,PERYMAN M. L.,Peryman,M. L.
992,ROWLANDS E. H.,Rowlands,E. H.
993,SNOW W. J.,Snow,W. J.
994,TRIMBLE P. H.,Trimble,P. H.
995,WILSHIRE R. H.,Wilshire,R. H.
996,PHILLIPS A. I.,Phillips,A. I.
997,RUSSELL S.,Russell,S.
998,SOWTER A. R. S.,Sowter,A. R. S.
999,TRISTRAM A. F.,Tristram,A. F.
1000,WILSON A. J.,Wilson,A. J.
1001,PHILLIPS A. J.,Phillips,A. J.
1002,RUTTY J. M.,Rutty,J. M.
1003,SPARK C. L. S.,Spark,C. L. S.
1004,TRISTRAM J. E.,Tristram,J. E.
1005,WILSON G. Mc. L.,Wilson,G. Mc. L.
1006,PHILLIPS G. B.,Phillips,G. B.
1007,SALTER G. B.,Salter,G. B.
1008,SPENCE K.,Spence,K.
1009,TROUSDALE L. S.,Trousdale,L. S.
1010,WILSON J. H.,Wilson,J. H.
1011,PHIPPS J. H.,Phipps,J. H.
1012,SARGENT D. H.,Sargent,D. H.
1013,SPENCE L. J. E.,Spence,L. J. E.
1014,TROUSDALE T. P.,Trousdale,T. P.
1015,WILSON W. B.,Wilson,W. B.
1016,PHIPSON H. T.,Phipson,H. T.
1017,SAUNDERS E. W.,Saunders,E. W.
1018,SPRING R. J.,Spring,R. J.
1019,TULLY R. H.,Tully,R. H.
1020,WILTSHIRE R.,Wiltshire,R.
1021,PIKE G. D.,Pike,G. D.
1022,SAWYER C. W.,Sawyer,C. W.
1023,SQUIRE J. C.,Squire,J. C.
1024,TURNBULL W. A.,Turnbull,W. A.
1025,WINTLE P. W.,Wintle,P. W.
1026,PLEYDELL H. L.,Pleydell,H. L.
1027,SAWYER J. P.,Sawyer,J. P.
1028,SQUIRES S. A.,Squires,S. A.
1029,TURNER E. E.,Turner,E. E.
1030,WITCOMBE E. L.,Witcombe,E. L.
1031,PLUMBE A. J.,Plumbe,A. J.
1032,SAWYER T. A.,Sawyer,T. A.
1033,STANTON D. P.,Stanton,D. P.
1034,TURNER E. J.,Turner,E. J.
1035,WITHY C. B.,Withy,C. B.
1036,POINTON A.,Pointon,A.
1037,SCARR J. H. A.,Scarr,J. H. A.
1038,STCLAIR G.,Stclair,G.
1039,TURNER S.,Turner,S.
1040,WITHY E. R.,Withy,E. R.
1041,POLLOCK R.,Pollock,R.
1042,SCOTT C. L.,Scott,C. L.
1043,STEANES G. E.,Steanes,G. E.
1044,TURNER W. J.,Turner,W. J.
1045,WOLFF O. F. J.,Wolff,O. F. J.
1046,PONSFORD A. E.,Ponsford,A. E.
1047,SCOTT C. O.,Scott,C. O.
1048,STEANES J. W.,Steanes,J. W.
1049,TURNER W. T.,Turner,W. T.
1050,WOLFF R. H.,Wolff,R. H.
1051,POOLEY L. K.,Pooley,L. K.
1052,SCOTT D. M.,Scott,D. M.
1053,STEANES T. H.,Steanes,T. H.
1054,TURNIDGE A. L.,Turnidge,A. L.
1055,WOOD C. T.,Wood,C. T.
1056,POUGET F. R.,Pouget,F. R.
1057,SCOTT E. G.,Scott,E. G.
1058,STEEL A. A.,Steel,A. A.
1059,TURNIDGE H. G.,Turnidge,H. G.
1060,WOODFORDE A. H. R.,Woodforde,A. H. R.
1061,POWELL E. G.,Powell,E. G.
1062,SCOTT E. I. C.,Scott,E. I. C.
1063,STENSON A. C.,Stenson,A. C.
1064,ULM A.,Ulm,A.
1065,WOODFORDE M. V. E.,Woodforde,M. V. E.
1066,PRENTICE G. F.,Prentice,G. F.
1067,SCOTT F. W.,Scott,F. W.
1068,STEUART E. S.,Steuart,E. S.
1069,ULM C. T. P.,Ulm,C. T. P.
1070,WOODHOUSE V. L.,Woodhouse,V. L.
1071,PRICE G.,Price,G.
1072,SCOTT R. B.,Scott,R. B.
1073,STEUART R. H.,Steuart,R. H.
1074,URE-SMITH E. S.,Ure-Smith,E. S.
1075,WOOLRIDGE A. W.,Woolridge,A. W.
1076,PRICE L.,Price,L.
1077,SCOTT-YOUNG M.,Scott-Young,M.
1078,STEVENSON N. D.,Stevenson,N. D.
1079,VALDER G.,Valder,G.
1080,WOOLRIDGE W.,Woolridge,W.
1081,PRING F. P.,Pring,F. P.
1082,SEALE G. M.,Seale,G. M.
1083,STEVENSON R. C.,Stevenson,R. C.
1084,VAN-SOMEREN B.,Van-Someren,B.
1085,WORTH O. A.,Worth,O. A.
1086,PRIOR H. K.,Prior,H. K.
1087,SEALE H. C.,Seale,H. C.
1088,STEVENSON R. K.,Stevenson,R. K.
1089,VICTORSEN E. M.,Victorsen,E. M.
1090,WOOTTEN G. F.,Wootten,G. F.
1091,PRITCHARD G.,Pritchard,G.
1092,SELLIN A. E.,Sellin,A. E.
1093,STEWART C. K.,Stewart,C. K.
1094,WAGSTAFFE H.,Wagstaffe,H.
1095,WRIGHT G.,Wright,G.
1096,PROTT C. G.,Prott,C. G.
1097,SELMAN A. R.,Selman,A. R.
1098,STILL W.,Still,W.
1099,WAGSTAFFE W.,Wagstaffe,W.
1100,WYNDOE E.,Wyndoe,E.
1101,PUDNEY C. B.,Pudney,C. B.
1102,SEMPLE R.,Semple,R.
1103,STILLMAN G. K.,Stillman,G. K.
1104,WALKER F. W.,Walker,F. W.
1105,WYNTER H.,Wynter,H.
1106,PURSE A. A.,Purse,A. A.
1107,SENIOR E. W. H.,Senior,E. W. H.
1108,STILLMAN H. S.,Stillman,H. S.
1109,WALKER L. H.,Walker,L. H.
1110,YABSLEY N.,Yabsley,N.
1111,PURSE J. S.,Purse,J. S.
1112,SETCHELL E.,Setchell,E.
1113,STILLMAN W. H.,Stillman,W. H.
1114,WALKER P. S.,Walker,P. S.
1115,YOUNG S. J.,Young,S. J.
1116,PURSELL A. S.,Pursell,A. S.
1117,SEYMOUR G.,Seymour,G.
1118,STIMSON E. A.,Stimson,E. A.
1119,WALLER S.A. G.,Waller,S.A. G.
1120,GUNNER G. A.,Gunner,G. A.
1121,PURSELL F. G.,Pursell,F. G.
1122,SHAW J. L.,Shaw,J. L.
1123,STINSON H. L. G.,Stinson,H. L. G.
1124,WALTER B. H.,Walter,B. H.
1125,LAWRENCE C. W.,Lawrence,C. W.
1126,PURVER A. J.,Purver,A. J.
1127,SHAW R. A.,Shaw,R. A.
1128,STOREY F. S.,Storey,F. S.
1129,WALTERS A. E.,Walters,A. E.
1130,STILLMAN K. P.,Stillman,K. P.
1131,RABY C. A.,Raby,C. A.
1132,SHEARER J.,Shearer,J.
1133,SUSMAN E. L.,Susman,E. L.
1134,WALTERS J.,Walters,J.
1135,STILLMAN J. B.,Stillman,J. B.
1136,RABONE F. H.,Rabone,F. H.
1137,SHEFFIELD J. E.,Sheffield,J. E.
1138,SUTTIE G. C.,Suttie,G. C.
1139,WALTERS R. P.,Walters,R. P.
1140,RABONE H. G.,Rabone,H. G.
1141,SHELLEY H. H.,Shelley,H. H.
1142,SWANE A. C.,Swane,A. C.
1143,WARBURTON E.,Warburton,E.
